strain_%,lambda,omega_log_cm-1,Tc_AD_K,Tc_McMillan_K,stable,min_freq_cm-1
-3,0.92,235.0,180.2,8.861234056233583,True,33.356
-2,0.89,240.0,178.0,8.677669855195754,True,66.712
-1,0.86,245.0,175.6,8.457352639916172,True,66.712
0,0.84,250.0,175.0,8.345030772092132,True,66.712
1,0.81,255.0,172.1,8.057323562500503,True,66.712
2,0.78,260.0,169.0,7.729375758434461,True,66.712
3,0.75,265.0,165.6,7.360596352705512,False,-16.678
